{
    "dis": {
        "in_channels": 2, 
        "in_features": 192,
        "n_critics": 2, 
        "latent_dim": 3,
        "conv_channels": [0],
        "crt_layers": [0],
        "pred_layers": [0]
    },
    "gen": {
        "in_features": 13,
        "n_control_points": 32,
        "n_data_points": 192,
        "m_features": 256,
        "feature_gen_layers": [1024],
        "dense_layers": [1024],
        "deconv_channels": [48]
    },
    "egan": { 
        "name": "sink",
        "lamb": 5,
        "opt_g_lr": 1e-3,
        "opt_g_betas": [0.5, 0.99],
        "opt_d_lr": 1e-3,
        "opt_d_betas": [0.5, 0.99]
    },
    "cz": [3, 10]
}